{"gridY": {"M2_PT": [695.153790083195, 645.153790083195, 595.153790083195, 545.153790083195, 495.15379008319496, 445.15379008319496, 395.15379008319496, 345.15379008319496, 295.15379008319496, 245.15379008319496, 195.15379008319496, 145.15379008319496, 95.15379008319496, 45.15379008319496, -4.846209916805037, -54.84620991680504, -104.84620991680504, -154.84620991680504, -204.84620991680504, -254.84620991680504, -304.84620991680504, -354.84620991680504, -404.84620991680504, -454.84620991680504, -504.84620991680504, -554.846209916805, -604.846209916805, -654.846209916805, -704.846209916805, -754.846209916805], "L2_PT": [695.153790083195, 645.153790083195, 595.153790083195, 545.153790083195, 495.15379008319496, 445.15379008319496, 395.15379008319496, 345.15379008319496, 295.15379008319496, 245.15379008319496, 195.15379008319496, 145.15379008319496, 95.15379008319496, 45.15379008319496, -4.846209916805037, -54.84620991680504, -104.84620991680504, -154.84620991680504, -204.84620991680504, -254.84620991680504, -304.84620991680504, -354.84620991680504, -404.84620991680504, -454.84620991680504, -504.84620991680504, -554.846209916805, -604.846209916805, -654.846209916805, -704.846209916805, -754.846209916805], "cM1_PT": [695.153790083195, 645.153790083195, 595.153790083195, 545.153790083195, 495.15379008319496, 445.15379008319496, 395.15379008319496, 345.15379008319496, 295.15379008319496, 245.15379008319496, 195.15379008319496, 145.15379008319496, 95.15379008319496, 45.15379008319496, -4.846209916805037, -54.84620991680504, -104.84620991680504, -154.84620991680504, -204.84620991680504, -254.84620991680504, -304.84620991680504, -354.84620991680504, -404.84620991680504, -454.84620991680504, -504.84620991680504, -554.846209916805, -604.846209916805, -654.846209916805, -704.846209916805, -754.846209916805], "S2_PT": [695.153790083195, 645.153790083195, 595.153790083195, 545.153790083195, 495.15379008319496, 445.15379008319496, 395.15379008319496, 345.15379008319496, 295.15379008319496, 245.15379008319496, 195.15379008319496, 145.15379008319496, 95.15379008319496, 45.15379008319496, -4.846209916805037, -54.84620991680504, -104.84620991680504, -154.84620991680504, -204.84620991680504, -254.84620991680504, -304.84620991680504, -354.84620991680504, -404.84620991680504, -454.84620991680504, -504.84620991680504, -554.846209916805, -604.846209916805, -654.846209916805, -704.846209916805, -754.846209916805], "TVL_PT": [695.153790083195, 645.153790083195, 595.153790083195, 545.153790083195, 495.15379008319496, 445.15379008319496, 395.15379008319496, 345.15379008319496, 295.15379008319496, 245.15379008319496, 195.15379008319496, 145.15379008319496, 95.15379008319496, 45.15379008319496, -4.846209916805037, -54.84620991680504, -104.84620991680504, -154.84620991680504, -204.84620991680504, -254.84620991680504, -304.84620991680504, -354.84620991680504, -404.84620991680504, -454.84620991680504, -504.84620991680504, -554.846209916805, -604.846209916805, -654.846209916805, -704.846209916805, -754.846209916805], "S1_PT": [695.153790083195, 645.153790083195, 595.153790083195, 545.153790083195, 495.15379008319496, 445.15379008319496, 395.15379008319496, 345.15379008319496, 295.15379008319496, 245.15379008319496, 195.15379008319496, 145.15379008319496, 95.15379008319496, 45.15379008319496, -4.846209916805037, -54.84620991680504, -104.84620991680504, -154.84620991680504, -204.84620991680504, -254.84620991680504, -304.84620991680504, -354.84620991680504, -404.84620991680504, -454.84620991680504, -504.84620991680504, -554.846209916805, -604.846209916805, -654.846209916805, -704.846209916805, -754.846209916805]}, "synDens": {"M2_PT": [0.0, 0.13093389997436505, 0.14020805102828146, 0.12034519458133355, 0.12056622004385992, 0.09554715829901386, 0.15642096090833085, 0.16236557188274467, 0.14587607395494356, 0.095228449222575, 0.14770535518535638, 0.11861192604556192, 0.2285053661618226, 0.25434577601964375, 0.3956208370294266, 0.34747422905061537, 0.3770115365617246, 0.6951148077847165, 1.0, 0.0, 0.0, 0.0, 0.0, 0.0, 0.0, 0.0, 0.0, 0.0, 0.0, 0.0], "L2_PT": [0.0, 0.02000078389984219, 0.04423253177086986, 0.07332288559135247, 0.191139633025189, 0.24309954195607625, 0.2997457284110704, 0.32182674383745485, 0.1722707247228209, 0.2456065404948242, 0.6223121173466462, 0.4020547631159895, 0.7842833571516206, 0.8320105894838994, 1.0, 0.4853438726086487, 0.4259184151026149, 0.41022063450588375, 0.2900133890669948, 0.0, 0.0, 0.0, 0.0, 0.0, 0.0, 0.0, 0.0, 0.0, 0.0, 0.0], "cM1_PT": [0.0, 0.027925372599490104, 0.0306155886058842, 0.043750434874370504, 0.10502486747917242, 0.1375442593889247, 0.15379264139153612, 0.16705422357456148, 0.15560031041964684, 0.11085770078761299, 0.18273309008008745, 0.0836790329463282, 0.11375711805657088, 0.16425730034304004, 0.3338213563506469, 0.26420104539458317, 0.32182804349395683, 0.5917389861342318, 1.0, 0.0, 0.0, 0.0, 0.0, 0.0, 0.0, 0.0, 0.0, 0.0, 0.0, 0.0], "S2_PT": [0.0, 0.19254711583087392, 0.26440890631735486, 0.3237478257489088, 0.5412975170834095, 0.559137814940997, 0.46480079455764706, 0.3936273371305358, 0.30792440562371476, 0.258600358843717, 0.5753781795605697, 0.378491388366585, 0.5884041576308732, 0.5835867888648255, 0.8258815921077644, 0.4932906523441379, 0.5495459092234742, 0.6721705517097993, 1.0, 0.0, 0.0, 0.0, 0.0, 0.0, 0.0, 0.0, 0.0, 0.0, 0.0, 0.0], "TVL_PT": [0.0, 0.16806452540718192, 0.11851239980077759, 0.06374175664293408, 0.10383970105668017, 0.15472223381333533, 0.2698176255662696, 0.3841961983371525, 0.5574112934578076, 0.5960448626115276, 1.0, 0.3648378235074719, 0.5745492070781026, 0.5151282788265659, 0.6287124925685131, 0.3245359237320654, 0.31096682831610917, 0.3966379233010754, 0.4511251074302905, 0.0, 0.0, 0.0, 0.0, 0.0, 0.0, 0.0, 0.0, 0.0, 0.0, 0.0], "S1_PT": [0.0, 0.19254711583087392, 0.26440890631735486, 0.3237478257489088, 0.5412975170834095, 0.559137814940997, 0.46480079455764706, 0.3936273371305358, 0.30792440562371476, 0.258600358843717, 0.5753781795605697, 0.378491388366585, 0.5884041576308732, 0.5835867888648255, 0.8258815921077644, 0.4932906523441379, 0.5495459092234742, 0.6721705517097993, 1.0, 0.0, 0.0, 0.0, 0.0, 0.0, 0.0, 0.0, 0.0, 0.0, 0.0, 0.0]}, "fixedSomaY": -735}