{"gridY": {"TPO_L5B": [-24.404112199926658, -74.40411219992666, -124.40411219992666, -174.40411219992666, -224.40411219992666, -274.40411219992666, -324.40411219992666, -374.40411219992666, -424.40411219992666, -474.40411219992666, -524.4041121999267, -574.4041121999267, -624.4041121999267, -674.4041121999267, -724.4041121999267, -774.4041121999267, -824.4041121999267, -874.4041121999267, -924.4041121999267, -974.4041121999267, -1024.4041121999267, -1074.4041121999267, -1124.4041121999267, -1174.4041121999267, -1224.4041121999267, -1274.4041121999267], "OC_L5B": [-24.404112199926658, -74.40411219992666, -124.40411219992666, -174.40411219992666, -224.40411219992666, -274.40411219992666, -324.40411219992666, -374.40411219992666, -424.40411219992666, -474.40411219992666, -524.4041121999267, -574.4041121999267, -624.4041121999267, -674.4041121999267, -724.4041121999267, -774.4041121999267, -824.4041121999267, -874.4041121999267, -924.4041121999267, -974.4041121999267, -1024.4041121999267, -1074.4041121999267, -1124.4041121999267, -1174.4041121999267, -1224.4041121999267, -1274.4041121999267], "TPO_L5A": [615.0159508642383, 565.0159508642383, 515.0159508642383, 465.01595086423833, 415.01595086423833, 365.01595086423833, 315.01595086423833, 265.01595086423833, 215.01595086423833, 165.01595086423833, 115.01595086423833, 65.01595086423833, 15.015950864238334, -34.984049135761666, -84.98404913576167, -134.98404913576167, -184.98404913576167, -234.98404913576167, -284.98404913576167, -334.98404913576167, -384.98404913576167, -434.98404913576167, -484.98404913576167, -534.9840491357617, -584.9840491357617, -634.9840491357617], "TPO_L2": [0, -50, -100, -150, -200, -250, -300, -350, -400, -450, -500, -550, -600, -650, -700, -750, -800, -850, -900, -950, -1000, -1050, -1100, -1150, -1200, -1250], "OC_L6": [660.153790083195, 610.153790083195, 560.153790083195, 510.15379008319496, 460.15379008319496, 410.15379008319496, 360.15379008319496, 310.15379008319496, 260.15379008319496, 210.15379008319496, 160.15379008319496, 110.15379008319496, 60.15379008319496, 10.153790083194963, -39.84620991680504, -89.84620991680504, -139.84620991680504, -189.84620991680504, -239.84620991680504, -289.84620991680504, -339.84620991680504, -389.84620991680504, -439.84620991680504, -489.84620991680504, -539.846209916805, -589.846209916805], "M2_L6": [660.153790083195, 610.153790083195, 560.153790083195, 510.15379008319496, 460.15379008319496, 410.15379008319496, 360.15379008319496, 310.15379008319496, 260.15379008319496, 210.15379008319496, 160.15379008319496, 110.15379008319496, 60.15379008319496, 10.153790083194963, -39.84620991680504, -89.84620991680504, -139.84620991680504, -189.84620991680504, -239.84620991680504, -289.84620991680504, -339.84620991680504, -389.84620991680504, -439.84620991680504, -489.84620991680504, -539.846209916805, -589.846209916805], "OC_L2": [0, -50, -100, -150, -200, -250, -300, -350, -400, -450, -500, -550, -600, -650, -700, -750, -800, -850, -900, -950, -1000, -1050, -1100, -1150, -1200, -1250], "TVL_L2": [0, -50, -100, -150, -200, -250, -300, -350, -400, -450, -500, -550, -600, -650, -700, -750, -800, -850, -900, -950, -1000, -1050, -1100, -1150, -1200, -1250], "TPO_L6": [660.153790083195, 610.153790083195, 560.153790083195, 510.15379008319496, 460.15379008319496, 410.15379008319496, 360.15379008319496, 310.15379008319496, 260.15379008319496, 210.15379008319496, 160.15379008319496, 110.15379008319496, 60.15379008319496, 10.153790083194963, -39.84620991680504, -89.84620991680504, -139.84620991680504, -189.84620991680504, -239.84620991680504, -289.84620991680504, -339.84620991680504, -389.84620991680504, -439.84620991680504, -489.84620991680504, -539.846209916805, -589.846209916805], "M2_L2": [0, -50, -100, -150, -200, -250, -300, -350, -400, -450, -500, -550, -600, -650, -700, -750, -800, -850, -900, -950, -1000, -1050, -1100, -1150, -1200, -1250], "M2_L5A": [615.0159508642383, 565.0159508642383, 515.0159508642383, 465.01595086423833, 415.01595086423833, 365.01595086423833, 315.01595086423833, 265.01595086423833, 215.01595086423833, 165.01595086423833, 115.01595086423833, 65.01595086423833, 15.015950864238334, -34.984049135761666, -84.98404913576167, -134.98404913576167, -184.98404913576167, -234.98404913576167, -284.98404913576167, -334.98404913576167, -384.98404913576167, -434.98404913576167, -484.98404913576167, -534.9840491357617, -584.9840491357617, -634.9840491357617], "TVL_L5B": [-24.404112199926658, -74.40411219992666, -124.40411219992666, -174.40411219992666, -224.40411219992666, -274.40411219992666, -324.40411219992666, -374.40411219992666, -424.40411219992666, -474.40411219992666, -524.4041121999267, -574.4041121999267, -624.4041121999267, -674.4041121999267, -724.4041121999267, -774.4041121999267, -824.4041121999267, -874.4041121999267, -924.4041121999267, -974.4041121999267, -1024.4041121999267, -1074.4041121999267, -1124.4041121999267, -1174.4041121999267, -1224.4041121999267, -1274.4041121999267], "TVL_L5A": [615.0159508642383, 565.0159508642383, 515.0159508642383, 465.01595086423833, 415.01595086423833, 365.01595086423833, 315.01595086423833, 265.01595086423833, 215.01595086423833, 165.01595086423833, 115.01595086423833, 65.01595086423833, 15.015950864238334, -34.984049135761666, -84.98404913576167, -134.98404913576167, -184.98404913576167, -234.98404913576167, -284.98404913576167, -334.98404913576167, -384.98404913576167, -434.98404913576167, -484.98404913576167, -534.9840491357617, -584.9840491357617, -634.9840491357617], "M2_L5B": [-24.404112199926658, -74.40411219992666, -124.40411219992666, -174.40411219992666, -224.40411219992666, -274.40411219992666, -324.40411219992666, -374.40411219992666, -424.40411219992666, -474.40411219992666, -524.4041121999267, -574.4041121999267, -624.4041121999267, -674.4041121999267, -724.4041121999267, -774.4041121999267, -824.4041121999267, -874.4041121999267, -924.4041121999267, -974.4041121999267, -1024.4041121999267, -1074.4041121999267, -1124.4041121999267, -1174.4041121999267, -1224.4041121999267, -1274.4041121999267], "OC_L5A": [615.0159508642383, 565.0159508642383, 515.0159508642383, 465.01595086423833, 415.01595086423833, 365.01595086423833, 315.01595086423833, 265.01595086423833, 215.01595086423833, 165.01595086423833, 115.01595086423833, 65.01595086423833, 15.015950864238334, -34.984049135761666, -84.98404913576167, -134.98404913576167, -184.98404913576167, -234.98404913576167, -284.98404913576167, -334.98404913576167, -384.98404913576167, -434.98404913576167, -484.98404913576167, -534.9840491357617, -584.9840491357617, -634.9840491357617], "TVL_L6": [660.153790083195, 610.153790083195, 560.153790083195, 510.15379008319496, 460.15379008319496, 410.15379008319496, 360.15379008319496, 310.15379008319496, 260.15379008319496, 210.15379008319496, 160.15379008319496, 110.15379008319496, 60.15379008319496, 10.153790083194963, -39.84620991680504, -89.84620991680504, -139.84620991680504, -189.84620991680504, -239.84620991680504, -289.84620991680504, -339.84620991680504, -389.84620991680504, -439.84620991680504, -489.84620991680504, -539.846209916805, -589.846209916805]}, "synDens": {"TPO_L5B": [0.0, 0.0, 0.0, 0.04396614862084715, 0.1548113981576236, 0.12653396485245919, 0.2868399906216989, 0.2828406273172616, 0.3312212609373195, 0.1809301397370359, 0.46182508788138427, 0.46633846727717393, 1.0, 0.41775851220184185, 0.2231621820922817, 0.10799777701215532, 0.06473192823845925, 0.048421308787335395, 0.015227829333627835, 0.009617762913937811, 0.008973918867275546, 0.004052459046554801, 0.010131147616387002, 0.001654409477930814, 0.004052459046554801, 0.0],