{
  "secs": {
    "soma": {
      "ions": {
        "na": {
          "i": 10.0,
          "e": 42.0,
          "o": 140.0
        },
        "ca": {
          "i": 0.00005,
          "e": 132.4579341637009,
          "o": 2.0
        },
        "k": {
          "i": 54.4,
          "e": -104.0,
          "o": 2.5
        }
      },
      "mechs": {
        "kBK": {
          "tau": 1.0,
          "caPmax": 1.0,
          "caPmin": 0.0,
          "caVhh": 0.002,
          "caVhmin": 43.919142291200004,
          "gpeak": 0.0000445651933019,
          "caPh": 0.002,
          "caPk": 1.0,
          "k": 17.0,
          "caVhmax": 155.67
        },
        "pas": {
          "e": -87.1335623948,
          "g": 0.00009442294539558377
        },
        "cat": {
          "gcatbar": 9.29455717585E-7
        },
        "ih": {
          "aslope": 7.09800576233,
          "ascale": 0.00320887293027,
          "bscale": 0.285307415701,
          "gbar": 0.000033176340367,
          "ashift": 119.696272155,
          "bslope": 23.2995848558
        },
        "kap": {
          "tq": -49.7149526489,
          "gbar": 0.0240195239098,
          "sh": 0.0,
          "vhalfl": -36.7754836348,
          "vhalfn": 32.179925527
        },
        "can": {
          "gcanbar": 8.13137955053E-7
        },
        "kdr": {
          "gbar": 0.00833766634808,
          "sh": 0.0,
          "vhalfn": 11.6427471384
        },
        "cal": {
          "gcalbar": 0.00000239132864454
        },
        "nax": {
          "gbar": 0.0768253702194,
          "sh": 0.0
        },
        "cadad": {
          "taur": 99.1146852282,
          "depth": 0.119408607923,
          "kd": 0.0,
          "cainf": 0.00024,
          "kt": 0.0
        }
      },
      "weightNorm": [
        0.0012489909542124195
      ],
      "geom": {
        "diam": 18.2149102762,
        "cm": 2.4998269977,
        "nseg": 1,
        "L": 18.4123467666,
        "Ra": 70.0015514222,
        "pt3d": [
          [
            0,
            40.0,
            0,
            18.2149102762
          ],
          [
            0,
            48.4123467666,
            0,
            18.2149102762
          ]
        ]
      },
      "topol": {},
      "vinit": -88.7986728464
    },
    "Adend1": {
      "ions": {
        "na": {
          "i": 10.0,
          "e": 42.0,
          "o": 140.0
        },
        "ca": {
          "i": 0.00005,
          "e": 132.4579341637009,
          "o": 2.0
        },
        "k": {
          "i": 54.4,
          "e": -104.0,
          "o": 2.5
        }
      },
      "mechs": {
        "kBK": {
          "tau": 1.0,
          "caPmax": 1.0,
          "caPmin": 0.0,
          "caVhh": 0.002,
          "caVhmin": 43.919142291200004,
          "gpeak": 0.0000445651933019,
          "caPh": 0.002,
          "caPk": 1.0,
          "k": 17.0,
          "caVhmax": 155.67
        },
        "pas": {
          "e": -87.1335623948,
          "g": 0.00007199592136286027
        },
        "cat": {
          "gcatbar": 9.29455717585E-7
        },
        "ih": {
          "aslope": 7.09800576233,
          "ascale": 0.00320887293027,
          "bscale": 0.285307415701,
          "gbar": 0.000033176340367,
          "ashift": 119.696272155,
          "bslope": 23.2995848558
        },
        "kap": {
          "tq": -49.7149526489,
          "gbar": 0.0240195239098,
          "sh": 0.0,
          "vhalfl": -36.7754836348,
          "vhalfn": 32.179925527
        },
        "can": {
          "gcanbar": 8.13137955053E-7
        },
        "kdr": {
          "gbar": 0.00833766634808,
          "sh": 0.0,
          "vhalfn": 11.6427471384
        },
        "cal": {
          "gcalbar": 0.00000239132864454
        },
        "nax": {
          "gbar": 0.0768253702194,
          "sh": 0.0
        },
        "cadad": {
          "taur": 99.1146852282,
          "depth": 0.119408607923,
          "kd": 0.0,
          "cainf": 0.00024,
          "kt": 0.0
        }
      },
      "weightNorm": [
        0.001289511362519787
      ],
      "geom": {
        "diam": 1.5831889597,
        "cm": 2.74242941886,
        "nseg": 1,
        "L": 96.75,
        "Ra": 70.0015514222,
        "pt3d": [
          [
            0,
            48.4123467666,
            0,
            1.5831889597
          ],
          [
            0,
            145.1623467666,
            0,
            1.5831889597
          ]
        ]
      },
      "topol": {
        "childX": 0.0,
        "parentSec": "soma",
        "parentX": 1.0
      },
      "vinit": -88.7986728464
    },
    "Adend2": {
      "ions": {
        "na": {
          "i": 10.0,
          "e": 42.0,
          "o": 140.0
        },
        "ca": {
          "i": 0.00005,
          "e": 132.4579341637009,
          "o": 2.0
        },
        "k": {
          "i": 54.4,
          "e": -104.0,
          "o": 2.5
        }
      },
      "mechs": {
        "kBK": {
          "tau": 1.0,
          "caPmax": 1.0,
          "caPmin": 0.0,
          "caVhh": 0.002,
          "caVhmin": 43.919142291200004,
          "gpeak": 0.0000445651933019,
          "caPh": 0.002,
          "caPk": 1.0,
          "k": 17.0,
          "caVhmax": 155.67
        },
        "pas": {
          "e": -87.1335623948,
          "g": 0.00007199592136286027
        },
        "cat": {
          "gcatbar": 9.29455717585E-7
        },
        "ih": {
          "aslope": 7.09800576233,
          "ascale": 0.00320887293027,
          "bscale": 0.285307415701,
          "gbar": 0.000033176340367,
          "ashift": 119.696272155,
          "bslope": 23.2995848558
        },
        "kap": {
          "tq": -49.7149526489,
          "gbar": 0.0240195239098,
          "sh": 0.0,
          "vhalfl": -36.7754836348,
          "vhalfn": 32.179925527
        },
        "can": {
          "gcanbar": 8.13137955053E-7
        },
        "kdr": {
          "gbar": 0.00833766634808,
          "sh": 0.0,
          "vhalfn": 11.6427471384
        },
        "cal": {
          "gcalbar": 0.00000239132864454
        },
        "nax": {
          "gbar": 0.0768253702194,
          "sh": 0.0
        },
        "cadad": {
          "taur": 99.1146852282,
          "depth": 0.119408607923,
          "kd": 0.0,
          "cainf": 0.00024,
          "kt": 0.0
        }
      },
      "weightNorm": [
        0.0013388693828493333
      ],
      "geom": {
        "diam": 1.5831889597,
        "cm": 2.74242941886,
        "nseg": 1,
        "L": 96.75,
        "Ra": 70.0015514222,
        "pt3d": [
          [
            0,
            145.1623467666,
            0,
            1.5831889597
          ],
          [
            0,
            241.9123467666,
            0,
            1.5831889597
          ]
        ]
      },
      "topol": {
        "childX": 0.0,
        "parentSec": "Adend1",
        "parentX": 1.0
      },
      "vinit": -88.7986728464
    },
    "Adend3": {
      "ions": {
        "na": {
          "i": 10.0,
          "e": 42.0,
          "o": 140.0
        },
        "ca": {
          "i": 0.00005,
          "e": 132.4579341637009,
          "o": 2.0
        },
        "k": {
          "i": 54.4,
          "e": -104.0,
          "o": 2.5
        }
      },
      "mechs": {
        "kBK": {
          "tau": 1.0,
          "caPmax": 1.0,
          "caPmin": 0.0,
          "caVhh": 0.002,
          "caVhmin": 43.919142291200004,
          "gpeak": 0.0000445651933019,
          "caPh": 0.002,
          "caPk": 1.0,
          "k": 17.0,
          "caVhmax": 155.67
        },
        "pas": {
          "e": -87.1335623948,
          "g": 0.00007199592136286027
        },
        "cat": {
          "gcatbar": 9.29455717585E-7
        },
        "ih": {
          "aslope": 7.09800576233,
          "ascale": 0.00320887293027,
          "bscale": 0.285307415701,
          "gbar": 0.000033176340367,
          "ashift": 119.696272155,
          "bslope": 23.2995848558
        },