{
  "secs": {
    "soma": {
      "ions": {
        "na": {
          "i": 10.0,
          "e": 42.0,
          "o": 140.0
        },
        "ca": {
          "i": 0.00005,
          "e": 132.4579341637009,
          "o": 2.0
        },
        "k": {
          "i": 54.4,
          "e": -104.0,
          "o": 2.5
        }
      },
      "mechs": {
        "kBK": {
          "tau": 1.0,
          "caPmax": 1.0,
          "caPmin": 0.0,
          "caVhh": 0.002,
          "caVhmin": -2.1899738592999967,
          "gpeak": 0.01529200755489,
          "caPh": 0.002,
          "caPk": 1.0,
          "k": 17.0,
          "caVhmax": 155.67
        },
        "pas": {
          "e": -90.7942106535,
          "g": 0.00008772270604035548
        },
        "cat": {
          "gcatbar": 0.0
        },
        "ih": {
          "aslope": 7.12195833953,
          "gbar": 0.00000999986721729,
          "ascale": 0.00276508832116,
          "bslope": 28.5415800392,
          "bscale": 0.154401580683,
          "ashift": 118.919921764
        },
        "kap": {
          "vhalfn": 32.7885075379,
          "gbar": 0.0898600246397,
          "sh": 0.0,
          "vhalfl": -59.7867409796,
          "tq": -52.0967985869
        },
        "can": {
          "gcanbar": 0.00000460717910591
        },
        "cal": {
          "gcalbar": 0.00000441583533572
        },
        "nax": {
          "gbar": 0.0345117294903,
          "sh": 0.0
        },
        "kdr": {
          "gbar": 0.0131103978049,
          "sh": 0.0,
          "vhalfn": 11.6427471384
        }
      },
      "geom": {
        "diam": 13.5574965259,
        "cm": 1.98838095104,
        "nseg": 1,
        "L": 12.53064375245,
        "Ra": 88.8088669637,
        "pt3d": [
          [
            0,
            0,
            0,
            13.5574965259
          ],
          [
            0,
            12.53064375245,
            0,
            13.5574965259
          ]
        ]
      },
      "topol": {},
      "vinit": -75.8801688855
    },
    "Adend1": {
      "ions": {
        "na": {
          "i": 10.0,
          "e": 42.0,
          "o": 140.0
        },
        "ca": {
          "i": 0.00005,
          "e": 132.4579341637009,
          "o": 2.0
        },
        "k": {
          "i": 54.4,
          "e": -104.0,
          "o": 2.5
        }
      },
      "mechs": {
        "kBK": {
          "tau": 1.0,
          "caPmax": 1.0,
          "caPmin": 0.0,
          "caVhh": 0.002,
          "caVhmin": -2.1899738592999967,
          "gpeak": 0.01529200755489,
          "caPh": 0.002,
          "caPk": 1.0,
          "k": 17.0,
          "caVhmax": 155.67
        },
        "pas": {
          "e": -90.7942106535,
          "g": 0.00008296662661333986
        },
        "cat": {
          "gcatbar": 0.0
        },
        "ih": {
          "aslope": 7.12195833953,
          "gbar": 0.00000999986721729,
          "ascale": 0.00276508832116,
          "bslope": 28.5415800392,
          "bscale": 0.154401580683,
          "ashift": 118.919921764
        },
        "kap": {
          "vhalfn": 32.7885075379,
          "gbar": 0.0898600246397,
          "sh": 0.0,
          "vhalfl": -59.7867409796,
          "tq": -52.0967985869
        },
        "can": {
          "gcanbar": 0.00000460717910591
        },
        "cal": {
          "gcalbar": 0.00000441583533572
        },
        "nax": {
          "gbar": 0.0345117294903,
          "sh": 0.0
        },
        "kdr": {
          "gbar": 0.0131103978049,
          "sh": 0.0,
          "vhalfn": 11.6427471384
        }
      },
      "geom": {
        "diam": 2.86090460606,
        "cm": 1.9931856141,
        "nseg": 1,
        "L": 58.9231269108,
        "Ra": 88.8088669637,
        "pt3d": [
          [
            0,
            12.53064375245,
            0,
            2.86090460606
          ],
          [
            0,
            71.45377066325,
            0,
            2.86090460606
          ]
        ]
      },
      "topol": {
        "childX": 0.0,
        "parentSec": "soma",
        "parentX": 1.0
      },
      "vinit": -75.8801688855
    },
    "Adend2": {
      "ions": {
        "na": {
          "i": 10.0,
          "e": 42.0,
          "o": 140.0
        },
        "ca": {
          "i": 0.00005,
          "e": 132.4579341637009,
          "o": 2.0
        },
        "k": {
          "i": 54.4,
          "e": -104.0,
          "o": 2.5
        }
      },
      "mechs": {
        "kBK": {
          "tau": 1.0,
          "caPmax": 1.0,
          "caPmin": 0.0,
          "caVhh": 0.002,
          "caVhmin": -2.1899738592999967,
          "gpeak": 0.01529200755489,
          "caPh": 0.002,
          "caPk": 1.0,
          "k": 17.0,
          "caVhmax": 155.67
        },
        "pas": {
          "e": -90.7942106535,
          "g": 0.00008296662661333986
        },
        "cat": {
          "gcatbar": 0.0
        },
        "ih": {
          "aslope": 7.12195833953,
          "gbar": 0.00000999986721729,
          "ascale": 0.00276508832116,
          "bslope": 28.5415800392,
          "bscale": 0.154401580683,
          "ashift": 118.919921764
        },
        "kap": {
          "vhalfn": 32.7885075379,
          "gbar": 0.0898600246397,
          "sh": 0.0,
          "vhalfl": -59.7867409796,
          "tq": -52.0967985869
        },
        "can": {
          "gcanbar": 0.00000460717910591
        },
        "cal": {
          "gcalbar": 0.00000441583533572
        },
        "nax": {
          "gbar": 0.0345117294903,
          "sh": 0.0
        },
        "kdr": {
          "gbar": 0.0131103978049,
          "sh": 0.0,
          "vhalfn": 11.6427471384
        }
      },
      "geom": {
        "diam": 2.86090460606,
        "cm": 1.9931856141,
        "nseg": 1,
        "L": 58.9231269108,
        "Ra": 88.8088669637,
        "pt3d": [
          [
            0,
            71.45377066325,
            0,
            2.86090460606
          ],
          [
            0,
            130.37689757405,
            0,
            2.86090460606
          ]
        ]
      },
      "topol": {
        "childX": 0.0,
        "parentSec": "Adend1",
        "parentX": 1.0
      },
      "vinit": -75.8801688855
    },
    "Adend3": {
      "ions": {
        "na": {
          "i": 10.0,
          "e": 42.0,
          "o": 140.0
        },
        "ca": {
          "i": 0.00005,
          "e": 132.4579341637009,
          "o": 2.0
        },
        "k": {
          "i": 54.4,
          "e": -104.0,
          "o": 2.5
        }
      },
      "mechs": {
        "kBK": {
          "tau": 1.0,
          "caPmax": 1.0,
          "caPmin": 0.0,
          "caVhh": 0.002,
          "caVhmin": -2.1899738592999967,
          "gpeak": 0.01529200755489,
          "caPh": 0.002,
          "caPk": 1.0,
          "k": 17.0,
          "caVhmax": 155.67
        },
        "pas": {
          "e": -90.7942106535,
          "g": 0.00008296662661333986
        },
        "cat": {
          "gcatbar": 0.0
        },
        "ih": {
          "aslope": 7.12195833953,
          "gbar": 0.00000999986721729,
          "ascale": 0.00276508832116,
          "bslope": 28.5415800392,
          "bscale": 0.154401580683,
          "ashift": 118.919921764
        },
        "kap": {
          "vhalfn": 32.7885075379,
          "gbar": 0.0898600246397,
          "sh": 0.0,
          "vhalfl": -59.7867409796,
          "tq": -52.0967985869
        },
        "can": {
          "gcanbar": 0.00000460717910591
        },
        "cal": {
          "gcalbar": 0.00000441583533572
        },
        "nax": {
          "gbar": 0.0345117294903,
          "sh": 0.0
        },
        "kdr": {
          "gbar": 0.0131103978049,
          "sh": 0.0,
          "vhalfn": 11.6427471384
        }
      },
      "geom": {
        "diam": 2.86090460606,
        "cm": 1.9931856141,
        "nseg": 1,
        "L": 58.9231269108,
        "Ra": 88.8088669637,