{
    "conds": {
        "cellModel": "HH_reduced",
        "cellType": "ITS4",
        "ynorm": [
            0.475,
            0.625
        ]
    },
    "globals": {
        "v_init": -75.0
    },
    "secLists": {},
    "secs": {
        "dend": {
            "geom": {
                "L": 535.0,
                "Ra": 0.02974858749381221,
                "cm": 0.75,
                "diam": 3.183098861837907,
                "nseg": 1,
                "pt3d": [
                    [
                        0,
                        10.0,
                        0,
                        3.183098861837907
                    ],
                    [
                        0,
                        545.0,
                        0,
                        3.183098861837907
                    ]
                ]
            },
            "ions": {
                "ca": {
                    "e": 140.0,
                    "i": 5e-05,
                    "o": 2.0
                },
                "k": {
                    "e": -90.0,
                    "i": 54.4,
                    "o": 2.5
                },
                "na": {
                    "e": 60.0,
                    "i": 10.0,
                    "o": 140.0
                }
            },
            "mechs": {
                "Nca": {
                    "gmax": 0.3
                },
                "cadad": {
                    "cainf": 0.00024,
                    "depth": 1.0,
                    "kd": 0.0,
                    "kt": 0.0,
                    "taur": 5.0
                },
                "kca": {
                    "gbar": 3.0
                },
                "km": {
                    "gbar": 0.1
                },
                "naz": {
                    "gmax": 15.0
                },
                "pas": {
                    "e": -70.0,
                    "g": 3.3333333333333335e-05
                }
            },
            "topol": {
                "childX": 0.0,
                "parentSec": "soma",
                "parentX": 0.5
            },
            "vinit": -75.0,
            "weightNorm": [
                0.0008157245900165227
            ]
        },
        "dend1": {
            "geom": {
                "L": 1000.0,
                "Ra": 0.015915494309189534,
                "cm": 0.75,
                "diam": 3.183098861837907,
                "nseg": 1,
                "pt3d": [
                    [
                        0,
                        10.0,
                        0,
                        3.183098861837907
                    ],
                    [
                        707.0,
                        -717.0,
                        0,
                        3.183098861837907
                    ]
                ]
            },
            "ions": {
                "ca": {
                    "e": 140.0,
                    "i": 5e-05,
                    "o": 2.0
                },
                "k": {
                    "e": -77.0,
                    "i": 54.4,
                    "o": 2.5
                },
                "na": {
                    "e": 50.0,
                    "i": 10.0,
                    "o": 140.0
                }
            },
            "mechs": {
                "Nca": {
                    "gmax": 0.3
                },
                "cadad": {
                    "cainf": 0.00024,
                    "depth": 1.0,
                    "kd": 0.0,
                    "kt": 0.0,
                    "taur": 5.0
                },
                "kca": {
                    "gbar": 3.0
                },
                "km": {
                    "gbar": 0.1
                },
                "naz": {
                    "gmax": 15.0
                },
                "pas": {
                    "e": -70.0,
                    "g": 3.3333333333333335e-05
                }
            },
            "topol": {
                "childX": 0.0,
                "parentSec": "soma",
                "parentX": 1.0
            },
            "vinit": -75.0,
            "weightNorm": [
                0.0008157651292235274
            ]
        },
        "soma": {
            "geom": {
                "L": 10.0,
                "Ra": 100.0,
                "cm": 0.75,
                "diam": 3.183098861837907,
                "nseg": 1,
                "pt3d": [
                    [
                        0,
                        0,
                        0,
                        25
                    ],
                    [
                        0,
                        10.0,
                        0,
                        25
                    ]
                ]
            },
            "ions": {
                "ca": {
                    "e": 140.0,
                    "i": 5e-05,
                    "o": 2.0
                },
                "k": {
                    "e": -90.0,
                    "i": 54.4,
                    "o": 2.5
                },
                "na": {
                    "e": 60.0,
                    "i": 10.0,
                    "o": 140.0
                }
            },
            "mechs": {
                "kv": {
                    "gbar": 1700.0
                },
                "naz": {
                    "gmax": 72000.0
                },
                "pas": {
                    "e": -70.0,
                    "g": 3.3333333333333335e-05
                }
            },
            "topol": {},
            "vinit": -75.0,
            "weightNorm": [
                0.0008157078608047597
            ]
        }
    }
}